{"accuracy": [0.9621182084083557, 0.9802495837211609, 0.9841693639755249, 0.9865931868553162, 0.9885909557342529, 0.989831268787384, 0.9909769296646118, 0.9918479919433594, 0.9923118948936462, 0.9925202131271362, 0.99295574426651, 0.993514358997345, 0.9936752915382385, 0.9937794804573059, 0.9962127804756165, 0.9966577887535095, 0.9965062737464905, 0.9972069263458252, 0.9970933198928833, 0.9974720478057861], "loss": [0.12370003759860992, 0.06594035774469376, 0.05290092155337334, 0.04502881318330765, 0.03814961016178131, 0.03308432176709175, 0.02956458181142807, 0.028325367718935013, 0.025212038308382034, 0.023649070411920547, 0.0229727104306221, 0.021112171933054924, 0.021001329645514488, 0.020071690902113914, 0.011782518588006496, 0.010195902548730373, 0.010851731523871422, 0.008600486442446709, 0.009180331602692604, 0.008166929706931114], "val_accuracy": [0.9813394546508789, 0.9834696650505066, 0.9884117245674133, 0.9864519238471985, 0.9889229536056519, 0.9902862906455994, 0.9890933632850647, 0.9909679889678955, 0.9919904470443726, 0.9919904470443726, 0.9919052720069885, 0.9926721453666687, 0.9930129647254944, 0.9923312664031982, 0.9939502477645874, 0.9939502477645874, 0.9942910671234131, 0.9944614768028259, 0.9933537840843201, 0.9936094284057617], "val_loss": [0.057610318064689636, 0.054131265729665756, 0.04140513390302658, 0.044856246560811996, 0.03705444186925888, 0.030291611328721046, 0.038325224071741104, 0.027696993201971054, 0.02692517638206482, 0.03266539052128792, 0.027820594608783722, 0.029408341273665428, 0.03437214344739914, 0.03467718884348869, 0.02557491697371006, 0.02370079793035984, 0.022480593994259834, 0.031714774668216705, 0.031064115464687347, 0.028551125898957253], "learning_rate": [0.0010000000474974513, 0.0010000000474974513, 0.0010000000474974513, 0.0010000000474974513, 0.0010000000474974513, 0.0010000000474974513, 0.0010000000474974513, 0.0010000000474974513, 0.0010000000474974513, 0.0010000000474974513, 0.0010000000474974513, 0.0010000000474974513, 0.0010000000474974513, 0.0010000000474974513, 0.0005000000237487257, 0.0005000000237487257, 0.0005000000237487257, 0.0005000000237487257, 0.0005000000237487257, 0.0005000000237487257]}