{"accuracy": [0.9459694623947144, 0.9682217836380005, 0.9750016331672668, 0.9785714745521545, 0.9810239672660828, 0.9832586646080017, 0.983116626739502, 0.9857111573219299, 0.9865160584449768, 0.9878038167953491, 0.9885329604148865, 0.9895272254943848, 0.9894230365753174, 0.9900196194648743, 0.9931633472442627, 0.9942333102226257, 0.9939587116241455, 0.9947541356086731, 0.9949056506156921, 0.9949056506156921, 0.9948772192001343, 0.9959472417831421, 0.9966574311256409, 0.9972066283226013, 0.9971308708190918, 0.9973676204681396, 0.9971024394035339], "loss": [0.18379653990268707, 0.10542172193527222, 0.08355376124382019, 0.07008395344018936, 0.062054771929979324, 0.055051032453775406, 0.05491437017917633, 0.04635873809456825, 0.04379890859127045, 0.03911180421710014, 0.03627932816743851, 0.03448296710848808, 0.033274564892053604, 0.03171779587864876, 0.02076650969684124, 0.01737269014120102, 0.01834646239876747, 0.01557037141174078, 0.015523805283010006, 0.014944619499146938, 0.015282775275409222, 0.011911565437912941, 0.009072523564100266, 0.00802655890583992, 0.008079317398369312, 0.00757147092372179, 0.007905078120529652], "val_accuracy": [0.9615679383277893, 0.9685556292533875, 0.9723902940750122, 0.9813379049301147, 0.9822752475738525, 0.9769067168235779, 0.9822752475738525, 0.9832125902175903, 0.9866212010383606, 0.9861951470375061, 0.986365556716919, 0.986962080001831, 0.9856838583946228, 0.9872177243232727, 0.9897741675376892, 0.9900298118591309, 0.9909672141075134, 0.9895185232162476, 0.9895185232162476, 0.9896037578582764, 0.989859402179718, 0.9900298118591309, 0.9911376237869263, 0.9907967448234558, 0.9913932681083679, 0.9913080334663391, 0.9917341470718384], "val_loss": [0.12875956296920776, 0.10317125171422958, 0.08824898302555084, 0.06411433219909668, 0.05924779549241066, 0.08594464510679245, 0.06230444461107254, 0.05750463157892227, 0.046721115708351135, 0.04745109751820564, 0.050914961844682693, 0.04780232533812523, 0.05544313043355942, 0.04816167429089546, 0.04305745288729668, 0.04402624070644379, 0.03907965496182442, 0.04292634129524231, 0.043406739830970764, 0.047425344586372375, 0.04732910916209221, 0.056696098297834396, 0.0474216490983963, 0.052142638713121414, 0.0489780530333519, 0.05254916474223137, 0.04464404284954071], "learning_rate": [0.0010000000474974513, 0.0010000000474974513, 0.0010000000474974513, 0.0010000000474974513, 0.0010000000474974513, 0.0010000000474974513, 0.0010000000474974513, 0.0010000000474974513, 0.0010000000474974513, 0.0010000000474974513, 0.0010000000474974513, 0.0010000000474974513, 0.0010000000474974513, 0.0010000000474974513, 0.0005000000237487257, 0.0005000000237487257, 0.0005000000237487257, 0.0005000000237487257, 0.0005000000237487257, 0.0005000000237487257, 0.0005000000237487257, 0.0005000000237487257, 0.0002500000118743628, 0.0002500000118743628, 0.0002500000118743628, 0.0002500000118743628, 0.0002500000118743628]}