{"accuracy": [0.9651657342910767], "loss": [0.11558359116315842], "val_accuracy": [0.9820834398269653], "val_loss": [0.0633615255355835], "learning_rate": [0.0010000000474974513]}