{"accuracy": [0.9625253081321716, 0.9797762036323547, 0.9848794937133789, 0.9857694506645203, 0.9870760440826416, 0.9888087511062622, 0.9895093441009521, 0.9907970428466797, 0.9906360507011414, 0.9911473393440247, 0.9912704229354858, 0.991866946220398, 0.9920089244842529, 0.9920562505722046, 0.9949440360069275, 0.9953985214233398, 0.9958530068397522, 0.9959760904312134, 0.995786726474762, 0.9959855079650879], "loss": [0.12376639991998672, 0.06836962699890137, 0.05248820781707764, 0.048417337238788605, 0.04397646337747574, 0.03730297461152077, 0.03541996330022812, 0.03129362687468529, 0.03196810185909271, 0.02956143394112587, 0.02970961108803749, 0.02747887186706066, 0.02694787085056305, 0.026720663532614708, 0.015985146164894104, 0.014562124386429787, 0.013804626651108265, 0.012545164674520493, 0.014122486114501953, 0.012828627601265907], "val_accuracy": [0.9813394546508789, 0.9866223335266113, 0.9815950989723206, 0.9865371584892273, 0.9884117245674133, 0.9909679889678955, 0.9909679889678955, 0.9892638325691223, 0.9913088083267212, 0.9901158809661865, 0.9903715252876282, 0.9917348623275757, 0.9911383986473083, 0.9923312664031982, 0.9927573204040527, 0.9929277300834656, 0.9940354228019714, 0.9934390187263489, 0.9936094284057617, 0.9931833744049072], "val_loss": [0.05767565965652466, 0.04325347766280174, 0.06425309926271439, 0.048261262476444244, 0.043589554727077484, 0.034210801124572754, 0.031627919524908066, 0.038235533982515335, 0.02812487632036209, 0.046195607632398605, 0.04646415263414383, 0.03478211164474487, 0.036216024309396744, 0.02831561118364334, 0.025055810809135437, 0.02718324586749077, 0.029072904959321022, 0.03455810621380806, 0.027771731838583946, 0.03365436568856239], "learning_rate": [0.0010000000474974513, 0.0010000000474974513, 0.0010000000474974513, 0.0010000000474974513, 0.0010000000474974513, 0.0010000000474974513, 0.0010000000474974513, 0.0010000000474974513, 0.0010000000474974513, 0.0010000000474974513, 0.0010000000474974513, 0.0010000000474974513, 0.0010000000474974513, 0.0010000000474974513, 0.0005000000237487257, 0.0005000000237487257, 0.0005000000237487257, 0.0005000000237487257, 0.0005000000237487257, 0.0005000000237487257]}