epoch,train_loss,val_acc,val_f1_macro,val_prec_macro,val_recall_macro
1,0.434035890360424,0.9005914407230197,0.9004084068218692,0.9012885276044729,0.9005914407230197
2,0.22667668435374855,0.9169324827219564,0.918089243688066,0.9235000736091422,0.9169324827219564
3,0.1698627978921342,0.9536616161616162,0.9537937560928029,0.9541457834796502,0.953661616161616
4,0.13433817733521192,0.955050505050505,0.9551730072882952,0.9565874978239695,0.955050505050505
5,0.111534361309401,0.9541600212652844,0.9538137455277619,0.9556911471321307,0.9541600212652843
