epoch,train_loss,val_acc,val_f1_macro,val_prec_macro,val_recall_macro
1,0.4357529529692162,0.9169856459330143,0.9172194622774865,0.9180821707897289,0.9169856459330143
2,0.22432008000970355,0.942437533227007,0.9425328796990528,0.9430012303137429,0.9424375332270069
3,0.16735128548282235,0.9441586921850079,0.943166783699386,0.9457954683867035,0.944158692185008
4,0.13387142232053462,0.9622009569377991,0.9623241954435983,0.9629163951192762,0.9622009569377991
5,0.10910922703494591,0.9714580010632642,0.9714636889816726,0.9716094845678521,0.9714580010632641
