epoch,train_loss,val_acc,val_f1_macro,val_prec_macro,val_recall_macro
1,0.420333087832439,0.8932549175970229,0.8927539540537566,0.8963773246882969,0.8932549175970228
2,0.22329833945003996,0.9458532695374801,0.9458325538766722,0.9466176333536523,0.9458532695374802
3,0.1669150579854602,0.9389553429027113,0.940004754919525,0.9449382078574213,0.9389553429027113
4,0.1339611393242501,0.874946836788942,0.8818909072867125,0.9111818647226333,0.874946836788942
5,0.10941756184523964,0.9666068580542265,0.9664812384635948,0.9669976006847085,0.9666068580542264
